<?xml version="1.0" encoding="UTF-8"?>
<project-private xmlns="http://www.netbeans.org/ns/project-private/1">
    <editor-bookmarks xmlns="http://www.netbeans.org/ns/editor-bookmarks/2" lastBookmarkId="0"/>
    <open-files xmlns="http://www.netbeans.org/ns/projectui-open-files/2">
        <group>
            <file>file:/C:/Users/imad%20ali/OneDrive/Desktop/airlines/src/gui/search.java</file>
            <file>file:/C:/Users/imad%20ali/OneDrive/Desktop/airlines/src/gui/viewflight.java</file>
            <file>file:/C:/Users/imad%20ali/OneDrive/Desktop/airlines/src/gui/Update.java</file>
            <file>file:/C:/Users/imad%20ali/OneDrive/Desktop/airlines/src/gui/deleteflight.java</file>
            <file>file:/C:/Users/imad%20ali/OneDrive/Desktop/airlines/src/gui/log.java</file>
            <file>file:/C:/Users/imad%20ali/OneDrive/Desktop/airlines/src/gui/loginpage.java</file>
            <file>file:/C:/Users/imad%20ali/OneDrive/Desktop/airlines/src/gui/updateflight.java</file>
            <file>file:/C:/Users/imad%20ali/OneDrive/Desktop/airlines/src/gui/Addflight.java</file>
            <file>file:/C:/Users/imad%20ali/OneDrive/Desktop/airlines/src/gui/Addcostumer.java</file>
            <file>file:/C:/Users/imad%20ali/OneDrive/Desktop/airlines/src/gui/bordingpass.java</file>
            <file>file:/C:/Users/imad%20ali/OneDrive/Desktop/airlines/src/gui/Signin.java</file>
            <file>file:/C:/Users/imad%20ali/OneDrive/Desktop/airlines/src/gui/view.java</file>
            <file>file:/C:/Users/imad%20ali/OneDrive/Desktop/airlines/src/gui/delet.java</file>
        </group>
    </open-files>
</project-private>
